cell,rate,w,E,method,fer,ber,n4
R0.5_w1,0.5,1,172,rl,0.91333,4.311e-03,768
R0.5_w1,0.5,1,172,rl_peredge,0.90000,5.524e-03,3008
R0.5_w1,0.5,1,172,cem,0.91000,5.710e-03,1472
R0.5_w1,0.5,1,172,random_search,0.90667,5.125e-03,2272
R0.5_w1,0.5,1,172,round_robin,0.93667,6.749e-03,1504
R0.5_w1,0.5,1,172,seed0_default,0.99333,1.196e-02,3840
R0.5_w2,0.5,2,172,rl,0.01667,2.798e-06,1472
R0.5_w2,0.5,2,172,rl_peredge,0.04333,8.394e-06,736
R0.5_w2,0.5,2,172,cem,0.07333,2.131e-05,1536
R0.5_w2,0.5,2,172,random_search,0.08333,2.583e-05,0
R0.5_w2,0.5,2,172,round_robin,0.34333,1.659e-04,704
R0.5_w2,0.5,2,172,seed0_default,0.70667,5.172e-04,1504
R0.5_w3,0.5,3,172,rl,0.01000,5.862e-06,1472
R0.5_w3,0.5,3,172,rl_peredge,0.01000,4.284e-06,736
R0.5_w3,0.5,3,172,cem,0.08000,4.509e-05,0
R0.5_w3,0.5,3,172,random_search,0.06333,1.308e-05,736
R0.5_w3,0.5,3,172,round_robin,0.32000,2.924e-04,0
R0.5_w3,0.5,3,172,seed0_default,0.83000,1.668e-03,1536
R0.667_w1,0.667,1,121,rl,0.04000,1.915e-05,0
R0.667_w1,0.667,1,121,rl_peredge,0.05667,1.812e-05,1504
R0.667_w1,0.667,1,121,cem,0.08333,2.223e-05,1472
R0.667_w1,0.667,1,121,random_search,0.08000,3.458e-05,768
R0.667_w1,0.667,1,121,round_robin,0.07667,1.709e-05,0
R0.667_w1,0.667,1,121,seed0_default,0.12667,6.691e-05,0
R0.667_w2,0.667,2,121,rl,0.09000,5.381e-05,768
R0.667_w2,0.667,2,121,rl_peredge,0.11667,4.692e-05,736
R0.667_w2,0.667,2,121,cem,0.10000,6.435e-05,736
R0.667_w2,0.667,2,121,random_search,0.19667,1.018e-04,0
R0.667_w2,0.667,2,121,round_robin,0.37667,4.421e-04,704
R0.667_w2,0.667,2,121,seed0_default,0.91667,4.935e-03,0
R0.667_w3,0.667,3,121,rl,0.00000,0.000e+00,0
R0.667_w3,0.667,3,121,rl_peredge,0.01000,2.029e-06,0
R0.667_w3,0.667,3,121,cem,0.01667,6.990e-06,0
R0.667_w3,0.667,3,121,random_search,0.14000,9.267e-05,0
R0.667_w3,0.667,3,121,round_robin,0.35000,3.617e-04,0
R0.667_w3,0.667,3,121,seed0_default,0.77333,2.589e-03,0
R0.75_w1,0.75,1,96,rl,0.03333,7.205e-06,0
R0.75_w1,0.75,1,96,rl_peredge,0.06000,2.038e-05,1504
R0.75_w1,0.75,1,96,cem,0.03333,2.429e-05,1504
R0.75_w1,0.75,1,96,random_search,0.04667,2.594e-05,768
R0.75_w1,0.75,1,96,round_robin,0.05333,1.132e-05,0
R0.75_w1,0.75,1,96,seed0_default,0.07667,3.500e-05,0
R0.75_w2,0.75,2,96,rl,0.11000,4.842e-05,0
R0.75_w2,0.75,2,96,rl_peredge,0.12000,8.566e-05,0
R0.75_w2,0.75,2,96,cem,0.02667,9.254e-06,0
R0.75_w2,0.75,2,96,random_search,0.12000,6.736e-05,768
R0.75_w2,0.75,2,96,round_robin,0.23333,3.489e-04,704
R0.75_w2,0.75,2,96,seed0_default,0.67000,1.539e-03,0
R0.75_w3,0.75,3,96,rl,0.00333,2.029e-06,0
R0.75_w3,0.75,3,96,rl_peredge,0.00000,0.000e+00,704
R0.75_w3,0.75,3,96,cem,0.04000,3.517e-05,0
R0.75_w3,0.75,3,96,random_search,0.02000,5.186e-06,704
R0.75_w3,0.75,3,96,round_robin,0.30000,3.598e-04,0
R0.75_w3,0.75,3,96,seed0_default,0.52667,1.044e-03,0
R0.833_w1,0.833,1,75,rl,0.20000,1.750e-04,0
R0.833_w1,0.833,1,75,rl_peredge,0.24000,1.725e-04,0
R0.833_w1,0.833,1,75,cem,0.18000,1.630e-04,0
R0.833_w1,0.833,1,75,random_search,0.16667,1.563e-04,0
R0.833_w1,0.833,1,75,round_robin,0.31000,3.292e-04,0
R0.833_w1,0.833,1,75,seed0_default,0.43000,5.729e-04,0
R0.833_w2,0.833,2,75,rl,0.29333,3.551e-04,0
R0.833_w2,0.833,2,75,rl_peredge,0.32000,8.473e-04,0
R0.833_w2,0.833,2,75,cem,0.31333,8.632e-04,0
R0.833_w2,0.833,2,75,random_search,0.33000,5.579e-04,0
R0.833_w2,0.833,2,75,round_robin,0.86000,7.113e-03,0
R0.833_w2,0.833,2,75,seed0_default,0.73667,3.461e-03,0
R0.833_w3,0.833,3,75,rl,0.01000,2.706e-06,0
R0.833_w3,0.833,3,75,rl_peredge,0.03667,2.638e-05,0
R0.833_w3,0.833,3,75,cem,0.06667,6.043e-05,0
R0.833_w3,0.833,3,75,random_search,0.02667,1.646e-05,0
R0.833_w3,0.833,3,75,round_robin,0.38000,6.618e-04,0
R0.833_w3,0.833,3,75,seed0_default,0.40000,9.258e-04,0
R0.875_w1,0.875,1,69,rl,0.04000,6.608e-05,0
R0.875_w1,0.875,1,69,rl_peredge,0.06667,2.573e-05,736
R0.875_w1,0.875,1,69,cem,0.07667,3.211e-05,0
R0.875_w1,0.875,1,69,random_search,0.08000,3.767e-05,0
R0.875_w1,0.875,1,69,round_robin,0.04667,1.503e-05,0
R0.875_w1,0.875,1,69,seed0_default,0.09667,9.284e-05,0
R0.875_w2,0.875,2,69,rl,0.11667,1.545e-04,736
R0.875_w2,0.875,2,69,rl_peredge,0.12333,2.236e-04,736
R0.875_w2,0.875,2,69,cem,0.14667,1.730e-04,0
R0.875_w2,0.875,2,69,random_search,0.07333,1.253e-04,0
R0.875_w2,0.875,2,69,round_robin,0.43667,1.962e-03,0
R0.875_w2,0.875,2,69,seed0_default,0.29000,5.348e-04,0
R0.875_w3,0.875,3,69,rl,0.00000,0.000e+00,0
R0.875_w3,0.875,3,69,rl_peredge,0.00667,2.029e-06,0
R0.875_w3,0.875,3,69,cem,0.05667,3.382e-05,768
R0.875_w3,0.875,3,69,random_search,0.05000,3.111e-05,0
R0.875_w3,0.875,3,69,round_robin,0.13333,2.050e-04,0
R0.875_w3,0.875,3,69,seed0_default,0.28000,7.849e-04,0
