cell,rate,w,method,eval,mean_reward,best_val_ber
R0.5_w1,0.5,1,rl,40,2.0107,7.6123e-03
R0.5_w1,0.5,1,rl,80,2.3505,5.2250e-03
R0.5_w1,0.5,1,rl,120,2.0078,3.9837e-03
R0.5_w1,0.5,1,rl,160,2.4303,3.9837e-03
R0.5_w1,0.5,1,rl,200,2.4218,3.9837e-03
R0.5_w1,0.5,1,rl,240,1.9758,3.9837e-03
R0.5_w1,0.5,1,rl,280,2.1488,3.9837e-03
R0.5_w1,0.5,1,rl,320,2.1562,3.9837e-03
R0.5_w1,0.5,1,rl,360,2.6166,3.9837e-03
R0.5_w1,0.5,1,rl,400,2.4138,3.0056e-03
R0.5_w1,0.5,1,rl,440,2.7140,2.8732e-03
R0.5_w1,0.5,1,rl,480,2.3487,2.8732e-03
R0.5_w1,0.5,1,rl_peredge,40,2.6080,8.8133e-03
R0.5_w1,0.5,1,rl_peredge,80,2.4961,6.6196e-03
R0.5_w1,0.5,1,rl_peredge,120,2.3066,3.5834e-03
R0.5_w1,0.5,1,rl_peredge,160,2.7468,3.5834e-03
R0.5_w1,0.5,1,rl_peredge,200,2.7533,3.4607e-03
R0.5_w1,0.5,1,rl_peredge,240,2.8942,3.4607e-03
R0.5_w1,0.5,1,rl_peredge,280,2.6531,3.4607e-03
R0.5_w1,0.5,1,rl_peredge,320,2.8656,3.4349e-03
R0.5_w1,0.5,1,rl_peredge,360,3.0281,3.4349e-03
R0.5_w1,0.5,1,rl_peredge,400,2.6238,3.4349e-03
R0.5_w1,0.5,1,rl_peredge,440,2.7317,3.4349e-03
R0.5_w1,0.5,1,rl_peredge,480,2.9797,2.3728e-03
R0.5_w1,0.5,1,cem,40,,4.8408e-03
R0.5_w1,0.5,1,cem,80,,4.8408e-03
R0.5_w1,0.5,1,cem,120,,4.8408e-03
R0.5_w1,0.5,1,cem,160,,3.9983e-03
R0.5_w1,0.5,1,cem,200,,3.9983e-03
R0.5_w1,0.5,1,cem,240,,3.5850e-03
R0.5_w1,0.5,1,cem,280,,3.5850e-03
R0.5_w1,0.5,1,cem,320,,3.5850e-03
R0.5_w1,0.5,1,cem,360,,3.1605e-03
R0.5_w1,0.5,1,cem,400,,3.1605e-03
R0.5_w1,0.5,1,cem,440,,3.1605e-03
R0.5_w1,0.5,1,cem,480,,3.1605e-03
R0.5_w1,0.5,1,random,40,,6.0515e-03
R0.5_w1,0.5,1,random,80,,6.0515e-03
R0.5_w1,0.5,1,random,120,,6.0515e-03
R0.5_w1,0.5,1,random,160,,5.3412e-03
R0.5_w1,0.5,1,random,200,,4.1355e-03
R0.5_w1,0.5,1,random,240,,4.1355e-03
R0.5_w1,0.5,1,random,280,,4.1355e-03
R0.5_w1,0.5,1,random,320,,4.1355e-03
R0.5_w1,0.5,1,random,360,,4.1355e-03
R0.5_w1,0.5,1,random,400,,4.1355e-03
R0.5_w1,0.5,1,random,440,,3.4188e-03
R0.5_w1,0.5,1,random,480,,3.4188e-03
R0.5_w2,0.5,2,rl,40,2.8214,1.3352e-03
R0.5_w2,0.5,2,rl,80,2.8707,1.1293e-03
R0.5_w2,0.5,2,rl,120,2.6862,1.0689e-03
R0.5_w2,0.5,2,rl,160,2.9505,1.0689e-03
R0.5_w2,0.5,2,rl,200,2.7865,1.0689e-03
R0.5_w2,0.5,2,rl,240,2.5740,1.0689e-03
R0.5_w2,0.5,2,rl,280,2.6547,1.0689e-03
R0.5_w2,0.5,2,rl,320,2.7209,1.0085e-03
R0.5_w2,0.5,2,rl,360,3.0366,1.0085e-03
R0.5_w2,0.5,2,rl,400,2.9569,1.0085e-03
R0.5_w2,0.5,2,rl,440,2.8836,1.0085e-03
R0.5_w2,0.5,2,rl,480,2.9183,1.0085e-03
R0.5_w2,0.5,2,rl_peredge,40,2.9177,1.9638e-03
R0.5_w2,0.5,2,rl_peredge,80,2.7165,1.4151e-03
R0.5_w2,0.5,2,rl_peredge,120,2.8676,9.6413e-04
R0.5_w2,0.5,2,rl_peredge,160,2.8945,9.6413e-04
R0.5_w2,0.5,2,rl_peredge,200,3.1800,5.9837e-04
R0.5_w2,0.5,2,rl_peredge,240,3.1427,5.9837e-04
R0.5_w2,0.5,2,rl_peredge,280,3.2469,5.9837e-04
R0.5_w2,0.5,2,rl_peredge,320,3.0520,5.9837e-04
R0.5_w2,0.5,2,rl_peredge,360,3.4586,4.1903e-04
R0.5_w2,0.5,2,rl_peredge,400,3.2964,4.1903e-04
R0.5_w2,0.5,2,rl_peredge,440,3.4162,4.0838e-04
R0.5_w2,0.5,2,rl_peredge,480,3.5204,2.0774e-04
R0.5_w2,0.5,2,cem,40,,3.0256e-03
R0.5_w2,0.5,2,cem,80,,9.4105e-04
R0.5_w2,0.5,2,cem,120,,6.1790e-04
R0.5_w2,0.5,2,cem,160,,6.1790e-04
R0.5_w2,0.5,2,cem,200,,6.1790e-04
R0.5_w2,0.5,2,cem,240,,6.1790e-04
R0.5_w2,0.5,2,cem,280,,6.1790e-04
R0.5_w2,0.5,2,cem,320,,6.1790e-04
R0.5_w2,0.5,2,cem,360,,5.7173e-04
R0.5_w2,0.5,2,cem,400,,5.7173e-04
R0.5_w2,0.5,2,cem,440,,5.7173e-04
R0.5_w2,0.5,2,cem,480,,5.7173e-04
R0.5_w2,0.5,2,random,40,,1.3299e-03
R0.5_w2,0.5,2,random,80,,1.3299e-03
R0.5_w2,0.5,2,random,120,,1.3299e-03
R0.5_w2,0.5,2,random,160,,1.3299e-03
R0.5_w2,0.5,2,random,200,,1.1879e-03
R0.5_w2,0.5,2,random,240,,1.1879e-03
R0.5_w2,0.5,2,random,280,,1.1879e-03
R0.5_w2,0.5,2,random,320,,1.1879e-03
R0.5_w2,0.5,2,random,360,,8.4872e-04
R0.5_w2,0.5,2,random,400,,8.4872e-04
R0.5_w2,0.5,2,random,440,,8.4872e-04
R0.5_w2,0.5,2,random,480,,8.4872e-04
R0.5_w3,0.5,3,rl,40,2.4499,1.7696e-03
R0.5_w3,0.5,3,rl,80,2.4582,1.7696e-03
R0.5_w3,0.5,3,rl,120,2.3956,1.7696e-03
R0.5_w3,0.5,3,rl,160,2.7207,1.3119e-03
R0.5_w3,0.5,3,rl,200,2.6495,1.3119e-03
R0.5_w3,0.5,3,rl,240,2.4251,1.3119e-03
R0.5_w3,0.5,3,rl,280,2.5637,1.3119e-03
R0.5_w3,0.5,3,rl,320,2.5781,1.3119e-03
R0.5_w3,0.5,3,rl,360,2.9104,8.3846e-04
R0.5_w3,0.5,3,rl,400,2.7853,8.3846e-04
R0.5_w3,0.5,3,rl,440,2.8596,8.3846e-04
R0.5_w3,0.5,3,rl,480,2.9062,8.3846e-04
R0.5_w3,0.5,3,rl_peredge,40,2.5653,1.7696e-03
R0.5_w3,0.5,3,rl_peredge,80,2.5734,1.7696e-03
R0.5_w3,0.5,3,rl_peredge,120,2.3990,1.7696e-03
R0.5_w3,0.5,3,rl_peredge,160,2.7645,1.7696e-03
R0.5_w3,0.5,3,rl_peredge,200,2.8310,1.7696e-03
R0.5_w3,0.5,3,rl_peredge,240,2.8747,1.5191e-03
R0.5_w3,0.5,3,rl_peredge,280,3.0044,1.0535e-03
R0.5_w3,0.5,3,rl_peredge,320,3.1337,1.0535e-03
R0.5_w3,0.5,3,rl_peredge,360,3.2459,1.0535e-03
R0.5_w3,0.5,3,rl_peredge,400,3.2178,4.1430e-04
R0.5_w3,0.5,3,rl_peredge,440,2.9768,4.1430e-04
R0.5_w3,0.5,3,rl_peredge,480,3.1734,4.1430e-04
R0.5_w3,0.5,3,cem,40,,1.8328e-03
R0.5_w3,0.5,3,cem,80,,1.8328e-03
R0.5_w3,0.5,3,cem,120,,1.8328e-03
R0.5_w3,0.5,3,cem,160,,1.8328e-03
R0.5_w3,0.5,3,cem,200,,1.8328e-03
R0.5_w3,0.5,3,cem,240,,1.8328e-03
R0.5_w3,0.5,3,cem,280,,1.8328e-03
R0.5_w3,0.5,3,cem,320,,1.8328e-03
R0.5_w3,0.5,3,cem,360,,1.0930e-03
R0.5_w3,0.5,3,cem,400,,1.0930e-03
R0.5_w3,0.5,3,cem,440,,1.0930e-03
R0.5_w3,0.5,3,cem,480,,1.0930e-03
R0.5_w3,0.5,3,random,40,,1.7223e-03
R0.5_w3,0.5,3,random,80,,1.7223e-03
R0.5_w3,0.5,3,random,120,,1.7223e-03
R0.5_w3,0.5,3,random,160,,1.6296e-03
R0.5_w3,0.5,3,random,200,,1.6296e-03
R0.5_w3,0.5,3,random,240,,1.6296e-03
R0.5_w3,0.5,3,random,280,,1.6296e-03
R0.5_w3,0.5,3,random,320,,1.6296e-03
R0.5_w3,0.5,3,random,360,,1.6296e-03
R0.5_w3,0.5,3,random,400,,1.6296e-03
R0.5_w3,0.5,3,random,440,,1.6296e-03
R0.5_w3,0.5,3,random,480,,1.6296e-03
R0.667_w1,0.667,1,rl,40,2.2722,8.5518e-03
R0.667_w1,0.667,1,rl,80,2.1904,8.5518e-03
R0.667_w1,0.667,1,rl,120,2.0026,3.6415e-03
R0.667_w1,0.667,1,rl,160,2.3525,2.2485e-03
R0.667_w1,0.667,1,rl,200,2.3361,2.2485e-03
R0.667_w1,0.667,1,rl,240,2.1456,2.2485e-03
R0.667_w1,0.667,1,rl,280,2.2208,2.2485e-03
R0.667_w1,0.667,1,rl,320,2.5770,2.2485e-03
R0.667_w1,0.667,1,rl,360,2.6325,2.2485e-03
R0.667_w1,0.667,1,rl,400,2.3142,2.2485e-03
R0.667_w1,0.667,1,rl,440,2.7732,2.2485e-03
R0.667_w1,0.667,1,rl,480,2.5649,2.2485e-03
R0.667_w1,0.667,1,rl_peredge,40,2.4515,9.6526e-03
R0.667_w1,0.667,1,rl_peredge,80,2.4067,7.7044e-03
R0.667_w1,0.667,1,rl_peredge,120,2.5320,4.9554e-03
R0.667_w1,0.667,1,rl_peredge,160,2.2579,4.9554e-03
R0.667_w1,0.667,1,rl_peredge,200,3.1290,4.9554e-03
R0.667_w1,0.667,1,rl_peredge,240,2.7707,4.7843e-03
R0.667_w1,0.667,1,rl_peredge,280,2.5458,4.6504e-03
R0.667_w1,0.667,1,rl_peredge,320,2.5716,4.6504e-03
R0.667_w1,0.667,1,rl_peredge,360,2.6963,4.3243e-03
R0.667_w1,0.667,1,rl_peredge,400,2.7746,3.8029e-03
R0.667_w1,0.667,1,rl_peredge,440,2.8725,3.8029e-03
R0.667_w1,0.667,1,rl_peredge,480,2.8769,2.0806e-03
R0.667_w1,0.667,1,cem,40,,8.8552e-03
R0.667_w1,0.667,1,cem,80,,6.1193e-03
R0.667_w1,0.667,1,cem,120,,6.1193e-03
R0.667_w1,0.667,1,cem,160,,6.1193e-03
R0.667_w1,0.667,1,cem,200,,3.6512e-03
R0.667_w1,0.667,1,cem,240,,3.6512e-03
R0.667_w1,0.667,1,cem,280,,3.6512e-03
R0.667_w1,0.667,1,cem,320,,3.6512e-03
R0.667_w1,0.667,1,cem,360,,3.6512e-03
R0.667_w1,0.667,1,cem,400,,3.6512e-03
R0.667_w1,0.667,1,cem,440,,3.6512e-03
R0.667_w1,0.667,1,cem,480,,3.6512e-03
R0.667_w1,0.667,1,random,40,,1.1320e-02
R0.667_w1,0.667,1,random,80,,1.0205e-02
R0.667_w1,0.667,1,random,120,,4.0564e-03
R0.667_w1,0.667,1,random,160,,4.0564e-03
R0.667_w1,0.667,1,random,200,,3.0863e-03
R0.667_w1,0.667,1,random,240,,3.0863e-03
R0.667_w1,0.667,1,random,280,,3.0863e-03
R0.667_w1,0.667,1,random,320,,3.0863e-03
R0.667_w1,0.667,1,random,360,,3.0863e-03
R0.667_w1,0.667,1,random,400,,3.0863e-03
R0.667_w1,0.667,1,random,440,,3.0863e-03
R0.667_w1,0.667,1,random,480,,3.0863e-03
R0.667_w2,0.667,2,rl,40,2.3685,4.6502e-03
R0.667_w2,0.667,2,rl,80,2.2913,4.1992e-03
R0.667_w2,0.667,2,rl,120,2.1005,2.5391e-03
R0.667_w2,0.667,2,rl,160,2.5388,1.5962e-03
R0.667_w2,0.667,2,rl,200,2.7653,1.5962e-03
R0.667_w2,0.667,2,rl,240,2.4199,1.5962e-03
R0.667_w2,0.667,2,rl,280,2.4535,1.5962e-03
R0.667_w2,0.667,2,rl,320,2.5194,1.5962e-03
R0.667_w2,0.667,2,rl,360,2.8226,1.5962e-03
R0.667_w2,0.667,2,rl,400,2.6421,1.5962e-03
R0.667_w2,0.667,2,rl,440,2.9104,1.5962e-03
R0.667_w2,0.667,2,rl,480,2.5378,1.5962e-03
R0.667_w2,0.667,2,rl_peredge,40,2.3940,5.8754e-03
R0.667_w2,0.667,2,rl_peredge,80,2.5706,1.6388e-03
R0.667_w2,0.667,2,rl_peredge,120,2.3948,1.6388e-03
R0.667_w2,0.667,2,rl_peredge,160,2.4975,1.6388e-03
R0.667_w2,0.667,2,rl_peredge,200,2.9474,1.6388e-03
R0.667_w2,0.667,2,rl_peredge,240,2.9587,1.6388e-03
R0.667_w2,0.667,2,rl_peredge,280,2.8763,1.6388e-03
R0.667_w2,0.667,2,rl_peredge,320,2.8782,1.6388e-03
R0.667_w2,0.667,2,rl_peredge,360,2.8241,1.6388e-03
R0.667_w2,0.667,2,rl_peredge,400,2.9712,1.6388e-03
R0.667_w2,0.667,2,rl_peredge,440,2.8078,1.6388e-03
R0.667_w2,0.667,2,rl_peredge,480,3.0002,1.6388e-03
R0.667_w2,0.667,2,cem,40,,5.0515e-03
R0.667_w2,0.667,2,cem,80,,4.2898e-03
R0.667_w2,0.667,2,cem,120,,2.9705e-03
R0.667_w2,0.667,2,cem,160,,1.6690e-03
R0.667_w2,0.667,2,cem,200,,1.6690e-03
R0.667_w2,0.667,2,cem,240,,1.6690e-03
R0.667_w2,0.667,2,cem,280,,1.5518e-03
R0.667_w2,0.667,2,cem,320,,1.5518e-03
R0.667_w2,0.667,2,cem,360,,1.5518e-03
R0.667_w2,0.667,2,cem,400,,1.5518e-03
R0.667_w2,0.667,2,cem,440,,1.5518e-03
R0.667_w2,0.667,2,cem,480,,1.5518e-03
R0.667_w2,0.667,2,random,40,,3.8583e-03
R0.667_w2,0.667,2,random,80,,3.1428e-03
R0.667_w2,0.667,2,random,120,,2.0508e-03
R0.667_w2,0.667,2,random,160,,2.0508e-03
R0.667_w2,0.667,2,random,200,,2.0508e-03
R0.667_w2,0.667,2,random,240,,2.0508e-03
R0.667_w2,0.667,2,random,280,,2.0508e-03
R0.667_w2,0.667,2,random,320,,2.0508e-03
R0.667_w2,0.667,2,random,360,,2.0508e-03
R0.667_w2,0.667,2,random,400,,2.0508e-03
R0.667_w2,0.667,2,random,440,,2.0508e-03
R0.667_w2,0.667,2,random,480,,2.0508e-03
R0.667_w3,0.667,3,rl,40,2.4468,1.0693e-03
R0.667_w3,0.667,3,rl,80,2.6345,1.0693e-03
R0.667_w3,0.667,3,rl,120,2.2626,1.0022e-03
R0.667_w3,0.667,3,rl,160,2.5263,6.8261e-04
R0.667_w3,0.667,3,rl,200,3.0905,6.8261e-04
R0.667_w3,0.667,3,rl,240,2.7663,6.8261e-04
R0.667_w3,0.667,3,rl,280,2.5704,6.8261e-04
R0.667_w3,0.667,3,rl,320,2.7949,6.8261e-04
R0.667_w3,0.667,3,rl,360,2.8356,4.9716e-04
R0.667_w3,0.667,3,rl,400,2.9234,3.2355e-04
R0.667_w3,0.667,3,rl,440,3.3027,3.2355e-04
R0.667_w3,0.667,3,rl,480,3.0212,3.2355e-04
R0.667_w3,0.667,3,rl_peredge,40,2.5363,1.4895e-03
R0.667_w3,0.667,3,rl_peredge,80,2.6270,1.4264e-03
R0.667_w3,0.667,3,rl_peredge,120,2.5911,1.4264e-03
R0.667_w3,0.667,3,rl_peredge,160,2.6938,1.1087e-03
R0.667_w3,0.667,3,rl_peredge,200,2.8099,1.1087e-03
R0.667_w3,0.667,3,rl_peredge,240,3.0315,8.3649e-04
R0.667_w3,0.667,3,rl_peredge,280,3.2086,8.3649e-04
R0.667_w3,0.667,3,rl_peredge,320,3.0768,8.3649e-04
R0.667_w3,0.667,3,rl_peredge,360,3.2852,3.9654e-04
R0.667_w3,0.667,3,rl_peredge,400,3.0986,3.9654e-04
R0.667_w3,0.667,3,rl_peredge,440,3.1272,3.9654e-04
R0.667_w3,0.667,3,rl_peredge,480,3.1358,3.9654e-04
R0.667_w3,0.667,3,cem,40,,7.7928e-04
R0.667_w3,0.667,3,cem,80,,7.7928e-04
R0.667_w3,0.667,3,cem,120,,7.7928e-04
R0.667_w3,0.667,3,cem,160,,7.7928e-04
R0.667_w3,0.667,3,cem,200,,7.7928e-04
R0.667_w3,0.667,3,cem,240,,7.7928e-04
R0.667_w3,0.667,3,cem,280,,7.7928e-04
R0.667_w3,0.667,3,cem,320,,7.7928e-04
R0.667_w3,0.667,3,cem,360,,7.7928e-04
R0.667_w3,0.667,3,cem,400,,7.7928e-04
R0.667_w3,0.667,3,cem,440,,3.7484e-04
R0.667_w3,0.667,3,cem,480,,3.7484e-04
R0.667_w3,0.667,3,random,40,,1.4579e-03
R0.667_w3,0.667,3,random,80,,1.3928e-03
R0.667_w3,0.667,3,random,120,,1.0022e-03
R0.667_w3,0.667,3,random,160,,8.9765e-04
R0.667_w3,0.667,3,random,200,,8.9765e-04
R0.667_w3,0.667,3,random,240,,8.9765e-04
R0.667_w3,0.667,3,random,280,,8.9765e-04
R0.667_w3,0.667,3,random,320,,8.9765e-04
R0.667_w3,0.667,3,random,360,,8.9765e-04
R0.667_w3,0.667,3,random,400,,8.9765e-04
R0.667_w3,0.667,3,random,440,,8.9765e-04
R0.667_w3,0.667,3,random,480,,8.9765e-04
R0.75_w1,0.75,1,rl,40,2.3235,6.1225e-03
R0.75_w1,0.75,1,rl,80,2.1627,5.6770e-03
R0.75_w1,0.75,1,rl,120,1.9775,2.8232e-03
R0.75_w1,0.75,1,rl,160,2.4188,2.8232e-03
R0.75_w1,0.75,1,rl,200,2.2352,1.9354e-03
R0.75_w1,0.75,1,rl,240,2.1527,1.9354e-03
R0.75_w1,0.75,1,rl,280,2.1909,1.9354e-03
R0.75_w1,0.75,1,rl,320,2.3165,1.9354e-03
R0.75_w1,0.75,1,rl,360,2.3092,1.9354e-03
R0.75_w1,0.75,1,rl,400,2.1482,1.9354e-03
R0.75_w1,0.75,1,rl,440,2.8911,1.9354e-03
R0.75_w1,0.75,1,rl,480,2.7583,1.9354e-03
R0.75_w1,0.75,1,rl_peredge,40,2.2571,6.1225e-03
R0.75_w1,0.75,1,rl_peredge,80,2.1927,3.8223e-03
R0.75_w1,0.75,1,rl_peredge,120,2.5547,3.8223e-03
R0.75_w1,0.75,1,rl_peredge,160,2.1709,3.8223e-03
R0.75_w1,0.75,1,rl_peredge,200,2.6453,3.8223e-03
R0.75_w1,0.75,1,rl_peredge,240,2.9431,2.5116e-03
R0.75_w1,0.75,1,rl_peredge,280,2.5154,2.5116e-03
R0.75_w1,0.75,1,rl_peredge,320,2.8817,2.5116e-03
R0.75_w1,0.75,1,rl_peredge,360,2.9010,2.5116e-03
R0.75_w1,0.75,1,rl_peredge,400,2.8114,2.5116e-03
R0.75_w1,0.75,1,rl_peredge,440,2.7881,1.9289e-03
R0.75_w1,0.75,1,rl_peredge,480,2.6492,1.9289e-03
R0.75_w1,0.75,1,cem,40,,7.7786e-03
R0.75_w1,0.75,1,cem,80,,5.8239e-03
R0.75_w1,0.75,1,cem,120,,2.5843e-03
R0.75_w1,0.75,1,cem,160,,2.5843e-03
R0.75_w1,0.75,1,cem,200,,2.5826e-03
R0.75_w1,0.75,1,cem,240,,2.5826e-03
R0.75_w1,0.75,1,cem,280,,2.5826e-03
R0.75_w1,0.75,1,cem,320,,2.5826e-03
R0.75_w1,0.75,1,cem,360,,2.5826e-03
R0.75_w1,0.75,1,cem,400,,2.5826e-03
R0.75_w1,0.75,1,cem,440,,2.5826e-03
R0.75_w1,0.75,1,cem,480,,2.5826e-03
R0.75_w1,0.75,1,random,40,,6.8650e-03
R0.75_w1,0.75,1,random,80,,3.9966e-03
R0.75_w1,0.75,1,random,120,,3.9966e-03
R0.75_w1,0.75,1,random,160,,3.5592e-03
R0.75_w1,0.75,1,random,200,,3.5172e-03
R0.75_w1,0.75,1,random,240,,3.5172e-03
R0.75_w1,0.75,1,random,280,,3.5172e-03
R0.75_w1,0.75,1,random,320,,3.5172e-03
R0.75_w1,0.75,1,random,360,,3.5172e-03
R0.75_w1,0.75,1,random,400,,3.5172e-03
R0.75_w1,0.75,1,random,440,,3.5172e-03
R0.75_w1,0.75,1,random,480,,3.5172e-03
R0.75_w2,0.75,2,rl,40,2.4792,1.6300e-03
R0.75_w2,0.75,2,rl,80,2.5948,5.1847e-04
R0.75_w2,0.75,2,rl,120,2.5286,5.1847e-04
R0.75_w2,0.75,2,rl,160,2.7882,5.1847e-04
R0.75_w2,0.75,2,rl,200,2.3892,5.1847e-04
R0.75_w2,0.75,2,rl,240,2.4118,5.1847e-04
R0.75_w2,0.75,2,rl,280,2.4404,5.1847e-04
R0.75_w2,0.75,2,rl,320,2.8702,5.1847e-04
R0.75_w2,0.75,2,rl,360,2.6326,5.1847e-04
R0.75_w2,0.75,2,rl,400,2.5210,5.1847e-04
R0.75_w2,0.75,2,rl,440,2.6941,5.1847e-04
R0.75_w2,0.75,2,rl,480,3.1741,5.1847e-04
R0.75_w2,0.75,2,rl_peredge,40,2.5032,4.4176e-03
R0.75_w2,0.75,2,rl_peredge,80,2.8230,2.0916e-03
R0.75_w2,0.75,2,rl_peredge,120,2.2635,1.1417e-03
R0.75_w2,0.75,2,rl_peredge,160,2.7761,1.1417e-03
R0.75_w2,0.75,2,rl_peredge,200,2.8977,1.1417e-03
R0.75_w2,0.75,2,rl_peredge,240,2.7361,1.1417e-03
R0.75_w2,0.75,2,rl_peredge,280,2.6796,1.1417e-03
R0.75_w2,0.75,2,rl_peredge,320,3.1005,1.1417e-03
R0.75_w2,0.75,2,rl_peredge,360,2.8617,1.1417e-03
R0.75_w2,0.75,2,rl_peredge,400,2.7883,1.1417e-03
R0.75_w2,0.75,2,rl_peredge,440,3.2046,1.1417e-03
R0.75_w2,0.75,2,rl_peredge,480,2.9905,8.3274e-04
R0.75_w2,0.75,2,cem,40,,2.2638e-03
R0.75_w2,0.75,2,cem,80,,2.2638e-03
R0.75_w2,0.75,2,cem,120,,1.9513e-03
R0.75_w2,0.75,2,cem,160,,1.9513e-03
R0.75_w2,0.75,2,cem,200,,1.4489e-03
R0.75_w2,0.75,2,cem,240,,1.4489e-03
R0.75_w2,0.75,2,cem,280,,1.4489e-03
R0.75_w2,0.75,2,cem,320,,1.2429e-03
R0.75_w2,0.75,2,cem,360,,7.2088e-04
R0.75_w2,0.75,2,cem,400,,7.2088e-04
R0.75_w2,0.75,2,cem,440,,7.2088e-04
R0.75_w2,0.75,2,cem,480,,7.2088e-04
R0.75_w2,0.75,2,random,40,,1.7702e-03
R0.75_w2,0.75,2,random,80,,1.7702e-03
R0.75_w2,0.75,2,random,120,,1.7702e-03
R0.75_w2,0.75,2,random,160,,1.7702e-03
R0.75_w2,0.75,2,random,200,,1.7702e-03
R0.75_w2,0.75,2,random,240,,1.7702e-03
R0.75_w2,0.75,2,random,280,,1.7702e-03
R0.75_w2,0.75,2,random,320,,1.1399e-03
R0.75_w2,0.75,2,random,360,,1.1399e-03
R0.75_w2,0.75,2,random,400,,1.1399e-03
R0.75_w2,0.75,2,random,440,,1.1399e-03
R0.75_w2,0.75,2,random,480,,1.1399e-03
R0.75_w3,0.75,3,rl,40,2.2096,3.1526e-03
R0.75_w3,0.75,3,rl,80,2.3225,3.1526e-03
R0.75_w3,0.75,3,rl,120,2.0999,2.5963e-03
R0.75_w3,0.75,3,rl,160,2.4228,2.0557e-03
R0.75_w3,0.75,3,rl,200,2.3268,2.0557e-03
R0.75_w3,0.75,3,rl,240,2.2175,8.6411e-04
R0.75_w3,0.75,3,rl,280,2.2814,8.6411e-04
R0.75_w3,0.75,3,rl,320,2.4979,8.6411e-04
R0.75_w3,0.75,3,rl,360,2.4606,8.6411e-04
R0.75_w3,0.75,3,rl,400,2.6561,8.6411e-04
R0.75_w3,0.75,3,rl,440,2.7121,8.6411e-04
R0.75_w3,0.75,3,rl,480,2.7729,8.6411e-04
R0.75_w3,0.75,3,rl_peredge,40,2.4868,2.6712e-03
R0.75_w3,0.75,3,rl_peredge,80,2.3741,2.2195e-03
R0.75_w3,0.75,3,rl_peredge,120,2.2624,2.2195e-03
R0.75_w3,0.75,3,rl_peredge,160,2.2960,2.2195e-03
R0.75_w3,0.75,3,rl_peredge,200,2.5408,2.2195e-03
R0.75_w3,0.75,3,rl_peredge,240,2.4925,1.7401e-03
R0.75_w3,0.75,3,rl_peredge,280,2.8885,1.7401e-03
R0.75_w3,0.75,3,rl_peredge,320,2.6114,8.1676e-04
R0.75_w3,0.75,3,rl_peredge,360,2.9057,8.1676e-04
R0.75_w3,0.75,3,rl_peredge,400,2.5935,8.1676e-04
R0.75_w3,0.75,3,rl_peredge,440,2.8536,8.1676e-04
R0.75_w3,0.75,3,rl_peredge,480,2.8148,8.1676e-04
R0.75_w3,0.75,3,cem,40,,3.8293e-03
R0.75_w3,0.75,3,cem,80,,3.1467e-03
R0.75_w3,0.75,3,cem,120,,2.3655e-03
R0.75_w3,0.75,3,cem,160,,2.3655e-03
R0.75_w3,0.75,3,cem,200,,2.2984e-03
R0.75_w3,0.75,3,cem,240,,1.6888e-03
R0.75_w3,0.75,3,cem,280,,1.0476e-03
R0.75_w3,0.75,3,cem,320,,1.0476e-03
R0.75_w3,0.75,3,cem,360,,1.0476e-03
R0.75_w3,0.75,3,cem,400,,1.0476e-03
R0.75_w3,0.75,3,cem,440,,9.5486e-04
R0.75_w3,0.75,3,cem,480,,9.5486e-04
R0.75_w3,0.75,3,random,40,,4.5316e-03
R0.75_w3,0.75,3,random,80,,2.2865e-03
R0.75_w3,0.75,3,random,120,,2.2865e-03
R0.75_w3,0.75,3,random,160,,2.2865e-03
R0.75_w3,0.75,3,random,200,,1.9788e-03
R0.75_w3,0.75,3,random,240,,1.9788e-03
R0.75_w3,0.75,3,random,280,,1.9788e-03
R0.75_w3,0.75,3,random,320,,1.9788e-03
R0.75_w3,0.75,3,random,360,,1.9788e-03
R0.75_w3,0.75,3,random,400,,1.9788e-03
R0.75_w3,0.75,3,random,440,,1.9788e-03
R0.75_w3,0.75,3,random,480,,1.9196e-03
R0.833_w1,0.833,1,rl,40,2.0647,6.7891e-03
R0.833_w1,0.833,1,rl,80,1.9755,5.6447e-03
R0.833_w1,0.833,1,rl,120,1.9530,5.3816e-03
R0.833_w1,0.833,1,rl,160,2.3264,5.3816e-03
R0.833_w1,0.833,1,rl,200,2.1921,5.3816e-03
R0.833_w1,0.833,1,rl,240,2.0622,5.3816e-03
R0.833_w1,0.833,1,rl,280,2.0942,5.3816e-03
R0.833_w1,0.833,1,rl,320,2.1951,5.1475e-03
R0.833_w1,0.833,1,rl,360,2.2273,5.1475e-03
R0.833_w1,0.833,1,rl,400,2.1778,5.1475e-03
R0.833_w1,0.833,1,rl,440,2.1669,5.1475e-03
R0.833_w1,0.833,1,rl,480,2.2076,4.0515e-03
R0.833_w1,0.833,1,rl_peredge,40,2.1493,8.5034e-03
R0.833_w1,0.833,1,rl_peredge,80,2.2003,5.1911e-03
R0.833_w1,0.833,1,rl_peredge,120,1.9523,5.1911e-03
R0.833_w1,0.833,1,rl_peredge,160,2.0905,5.1911e-03
R0.833_w1,0.833,1,rl_peredge,200,2.3460,5.1911e-03
R0.833_w1,0.833,1,rl_peredge,240,2.1760,5.1911e-03
R0.833_w1,0.833,1,rl_peredge,280,2.1283,5.1911e-03
R0.833_w1,0.833,1,rl_peredge,320,2.3869,5.1911e-03
R0.833_w1,0.833,1,rl_peredge,360,2.6551,4.2662e-03
R0.833_w1,0.833,1,rl_peredge,400,2.3150,4.2662e-03
R0.833_w1,0.833,1,rl_peredge,440,2.3632,4.1597e-03
R0.833_w1,0.833,1,rl_peredge,480,2.5583,4.1597e-03
R0.833_w1,0.833,1,cem,40,,5.6076e-03
R0.833_w1,0.833,1,cem,80,,5.6076e-03
R0.833_w1,0.833,1,cem,120,,5.6076e-03
R0.833_w1,0.833,1,cem,160,,5.6076e-03
R0.833_w1,0.833,1,cem,200,,5.6076e-03
R0.833_w1,0.833,1,cem,240,,3.5431e-03
R0.833_w1,0.833,1,cem,280,,3.5431e-03
R0.833_w1,0.833,1,cem,320,,3.5431e-03
R0.833_w1,0.833,1,cem,360,,3.5431e-03
R0.833_w1,0.833,1,cem,400,,3.5431e-03
R0.833_w1,0.833,1,cem,440,,3.5431e-03
R0.833_w1,0.833,1,cem,480,,3.5431e-03
R0.833_w1,0.833,1,random,40,,7.5268e-03
R0.833_w1,0.833,1,random,80,,6.8327e-03
R0.833_w1,0.833,1,random,120,,6.8327e-03
R0.833_w1,0.833,1,random,160,,6.3291e-03
R0.833_w1,0.833,1,random,200,,6.3291e-03
R0.833_w1,0.833,1,random,240,,6.3291e-03
R0.833_w1,0.833,1,random,280,,5.5608e-03
R0.833_w1,0.833,1,random,320,,5.5608e-03
R0.833_w1,0.833,1,random,360,,5.5608e-03
R0.833_w1,0.833,1,random,400,,5.5608e-03
R0.833_w1,0.833,1,random,440,,5.5608e-03
R0.833_w1,0.833,1,random,480,,5.5608e-03
R0.833_w2,0.833,2,rl,40,2.1434,2.5089e-03
R0.833_w2,0.833,2,rl,80,2.3767,2.5089e-03
R0.833_w2,0.833,2,rl,120,2.3160,1.3246e-03
R0.833_w2,0.833,2,rl,160,2.2603,1.3246e-03
R0.833_w2,0.833,2,rl,200,2.8069,1.3246e-03
R0.833_w2,0.833,2,rl,240,2.2813,1.3246e-03
R0.833_w2,0.833,2,rl,280,2.3310,1.3246e-03
R0.833_w2,0.833,2,rl,320,2.6161,1.3246e-03
R0.833_w2,0.833,2,rl,360,2.8667,1.3246e-03
R0.833_w2,0.833,2,rl,400,2.4940,1.3246e-03
R0.833_w2,0.833,2,rl,440,2.5427,1.3246e-03
R0.833_w2,0.833,2,rl,480,2.7905,1.3246e-03
R0.833_w2,0.833,2,rl_peredge,40,2.5310,5.5167e-03
R0.833_w2,0.833,2,rl_peredge,80,2.5497,2.7646e-03
R0.833_w2,0.833,2,rl_peredge,120,2.5017,1.8271e-03
R0.833_w2,0.833,2,rl_peredge,160,2.3556,1.8271e-03
R0.833_w2,0.833,2,rl_peredge,200,2.3506,1.8271e-03
R0.833_w2,0.833,2,rl_peredge,240,2.5740,1.8271e-03
R0.833_w2,0.833,2,rl_peredge,280,2.5182,1.8271e-03
R0.833_w2,0.833,2,rl_peredge,320,2.3675,1.6708e-03
R0.833_w2,0.833,2,rl_peredge,360,2.7686,1.6708e-03
R0.833_w2,0.833,2,rl_peredge,400,2.6627,1.6708e-03
R0.833_w2,0.833,2,rl_peredge,440,2.9253,1.6708e-03
R0.833_w2,0.833,2,rl_peredge,480,2.6103,1.4364e-03
R0.833_w2,0.833,2,cem,40,,4.2898e-03
R0.833_w2,0.833,2,cem,80,,2.3775e-03
R0.833_w2,0.833,2,cem,120,,2.3775e-03
R0.833_w2,0.833,2,cem,160,,2.3775e-03
R0.833_w2,0.833,2,cem,200,,2.3775e-03
R0.833_w2,0.833,2,cem,240,,2.3775e-03
R0.833_w2,0.833,2,cem,280,,2.3775e-03
R0.833_w2,0.833,2,cem,320,,2.3775e-03
R0.833_w2,0.833,2,cem,360,,2.3775e-03
R0.833_w2,0.833,2,cem,400,,2.3775e-03
R0.833_w2,0.833,2,cem,440,,1.2500e-03
R0.833_w2,0.833,2,cem,480,,1.2500e-03
R0.833_w2,0.833,2,random,40,,4.6555e-03
R0.833_w2,0.833,2,random,80,,4.6555e-03
R0.833_w2,0.833,2,random,120,,3.3274e-03
R0.833_w2,0.833,2,random,160,,2.6385e-03
R0.833_w2,0.833,2,random,200,,2.6385e-03
R0.833_w2,0.833,2,random,240,,2.5142e-03
R0.833_w2,0.833,2,random,280,,2.5142e-03
R0.833_w2,0.833,2,random,320,,2.5142e-03
R0.833_w2,0.833,2,random,360,,2.5142e-03
R0.833_w2,0.833,2,random,400,,2.5142e-03
R0.833_w2,0.833,2,random,440,,1.8839e-03
R0.833_w2,0.833,2,random,480,,1.8839e-03
R0.833_w3,0.833,3,rl,40,2.1503,6.5400e-03
R0.833_w3,0.833,3,rl,80,2.2119,5.0051e-03
R0.833_w3,0.833,3,rl,120,2.0820,4.3600e-03
R0.833_w3,0.833,3,rl,160,2.3061,4.3600e-03
R0.833_w3,0.833,3,rl,200,2.4438,4.2199e-03
R0.833_w3,0.833,3,rl,240,2.2174,2.5095e-03
R0.833_w3,0.833,3,rl,280,2.1826,2.5095e-03
R0.833_w3,0.833,3,rl,320,2.4134,2.5095e-03
R0.833_w3,0.833,3,rl,360,2.4724,2.2688e-03
R0.833_w3,0.833,3,rl,400,2.6315,1.7519e-03
R0.833_w3,0.833,3,rl,440,2.7096,1.7519e-03
R0.833_w3,0.833,3,rl,480,2.8262,1.7519e-03
R0.833_w3,0.833,3,rl_peredge,40,2.4105,7.6014e-03
R0.833_w3,0.833,3,rl_peredge,80,2.3938,4.6599e-03
R0.833_w3,0.833,3,rl_peredge,120,2.2605,4.6421e-03
R0.833_w3,0.833,3,rl_peredge,160,2.5297,4.6421e-03
R0.833_w3,0.833,3,rl_peredge,200,2.5988,4.4271e-03
R0.833_w3,0.833,3,rl_peredge,240,2.6106,3.7780e-03
R0.833_w3,0.833,3,rl_peredge,280,2.6981,3.7780e-03
R0.833_w3,0.833,3,rl_peredge,320,2.4428,3.5472e-03
R0.833_w3,0.833,3,rl_peredge,360,2.5772,3.5472e-03
R0.833_w3,0.833,3,rl_peredge,400,2.6279,2.0005e-03
R0.833_w3,0.833,3,rl_peredge,440,2.5957,2.0005e-03
R0.833_w3,0.833,3,rl_peredge,480,2.5445,2.0005e-03
R0.833_w3,0.833,3,cem,40,,7.0885e-03
R0.833_w3,0.833,3,cem,80,,5.0860e-03
R0.833_w3,0.833,3,cem,120,,4.9223e-03
R0.833_w3,0.833,3,cem,160,,4.9223e-03
R0.833_w3,0.833,3,cem,200,,4.9223e-03
R0.833_w3,0.833,3,cem,240,,4.9223e-03
R0.833_w3,0.833,3,cem,280,,4.9223e-03
R0.833_w3,0.833,3,cem,320,,4.3561e-03
R0.833_w3,0.833,3,cem,360,,4.3561e-03
R0.833_w3,0.833,3,cem,400,,4.3561e-03
R0.833_w3,0.833,3,cem,440,,2.9553e-03
R0.833_w3,0.833,3,cem,480,,2.9553e-03
R0.833_w3,0.833,3,random,40,,3.7484e-03
R0.833_w3,0.833,3,random,80,,3.7484e-03
R0.833_w3,0.833,3,random,120,,3.7484e-03
R0.833_w3,0.833,3,random,160,,3.7484e-03
R0.833_w3,0.833,3,random,200,,3.7484e-03
R0.833_w3,0.833,3,random,240,,3.7484e-03
R0.833_w3,0.833,3,random,280,,3.7484e-03
R0.833_w3,0.833,3,random,320,,3.7484e-03
R0.833_w3,0.833,3,random,360,,3.7484e-03
R0.833_w3,0.833,3,random,400,,3.7484e-03
R0.833_w3,0.833,3,random,440,,3.7484e-03
R0.833_w3,0.833,3,random,480,,2.9257e-03
R0.875_w1,0.875,1,rl,40,2.2811,2.4745e-03
R0.875_w1,0.875,1,rl,80,2.1779,2.4745e-03
R0.875_w1,0.875,1,rl,120,2.2951,2.4745e-03
R0.875_w1,0.875,1,rl,160,2.2025,2.4745e-03
R0.875_w1,0.875,1,rl,200,2.2497,2.4745e-03
R0.875_w1,0.875,1,rl,240,2.4047,2.4745e-03
R0.875_w1,0.875,1,rl,280,2.0471,2.4745e-03
R0.875_w1,0.875,1,rl,320,2.5830,2.4745e-03
R0.875_w1,0.875,1,rl,360,2.3856,2.0936e-03
R0.875_w1,0.875,1,rl,400,2.3891,2.0936e-03
R0.875_w1,0.875,1,rl,440,2.8101,2.0936e-03
R0.875_w1,0.875,1,rl,480,2.8028,2.0936e-03
R0.875_w1,0.875,1,rl_peredge,40,2.4006,3.1799e-03
R0.875_w1,0.875,1,rl_peredge,80,2.4927,3.1799e-03
R0.875_w1,0.875,1,rl_peredge,120,2.2383,3.1799e-03
R0.875_w1,0.875,1,rl_peredge,160,2.2252,3.1799e-03
R0.875_w1,0.875,1,rl_peredge,200,2.4792,3.1799e-03
R0.875_w1,0.875,1,rl_peredge,240,2.5023,2.0806e-03
R0.875_w1,0.875,1,rl_peredge,280,2.4449,2.0806e-03
R0.875_w1,0.875,1,rl_peredge,320,2.3289,2.0806e-03
R0.875_w1,0.875,1,rl_peredge,360,2.6291,2.0806e-03
R0.875_w1,0.875,1,rl_peredge,400,2.1732,2.0806e-03
R0.875_w1,0.875,1,rl_peredge,440,2.5636,2.0806e-03
R0.875_w1,0.875,1,rl_peredge,480,2.3543,2.0806e-03
R0.875_w1,0.875,1,cem,40,,5.9385e-03
R0.875_w1,0.875,1,cem,80,,4.5099e-03
R0.875_w1,0.875,1,cem,120,,4.5099e-03
R0.875_w1,0.875,1,cem,160,,3.4139e-03
R0.875_w1,0.875,1,cem,200,,3.4139e-03
R0.875_w1,0.875,1,cem,240,,3.3994e-03
R0.875_w1,0.875,1,cem,280,,3.3994e-03
R0.875_w1,0.875,1,cem,320,,3.3994e-03
R0.875_w1,0.875,1,cem,360,,2.6956e-03
R0.875_w1,0.875,1,cem,400,,2.6956e-03
R0.875_w1,0.875,1,cem,440,,2.2291e-03
R0.875_w1,0.875,1,cem,480,,2.2291e-03
R0.875_w1,0.875,1,random,40,,4.1661e-03
R0.875_w1,0.875,1,random,80,,3.1718e-03
R0.875_w1,0.875,1,random,120,,3.1718e-03
R0.875_w1,0.875,1,random,160,,1.8886e-03
R0.875_w1,0.875,1,random,200,,1.8886e-03
R0.875_w1,0.875,1,random,240,,1.8886e-03
R0.875_w1,0.875,1,random,280,,1.8886e-03
R0.875_w1,0.875,1,random,320,,1.8886e-03
R0.875_w1,0.875,1,random,360,,1.8886e-03
R0.875_w1,0.875,1,random,400,,1.8886e-03
R0.875_w1,0.875,1,random,440,,1.8886e-03
R0.875_w1,0.875,1,random,480,,1.8886e-03
R0.875_w2,0.875,2,rl,40,2.6689,2.8658e-03
R0.875_w2,0.875,2,rl,80,2.8404,1.9034e-03
R0.875_w2,0.875,2,rl,120,2.3206,1.6246e-03
R0.875_w2,0.875,2,rl,160,2.7977,1.0636e-03
R0.875_w2,0.875,2,rl,200,3.2241,1.0636e-03
R0.875_w2,0.875,2,rl,240,2.5061,1.0636e-03
R0.875_w2,0.875,2,rl,280,2.4245,9.9077e-04
R0.875_w2,0.875,2,rl,320,2.9220,9.9077e-04
R0.875_w2,0.875,2,rl,360,2.7946,9.9077e-04
R0.875_w2,0.875,2,rl,400,2.8887,8.4517e-04
R0.875_w2,0.875,2,rl,440,2.8390,8.4517e-04
R0.875_w2,0.875,2,rl,480,3.3580,8.4517e-04
R0.875_w2,0.875,2,rl_peredge,40,2.8198,3.0984e-03
R0.875_w2,0.875,2,rl_peredge,80,2.7860,1.3352e-03
R0.875_w2,0.875,2,rl_peredge,120,3.2020,1.3352e-03
R0.875_w2,0.875,2,rl_peredge,160,2.7314,1.3352e-03
R0.875_w2,0.875,2,rl_peredge,200,2.6643,1.3352e-03
R0.875_w2,0.875,2,rl_peredge,240,3.2237,9.3928e-04
R0.875_w2,0.875,2,rl_peredge,280,3.0190,9.3928e-04
R0.875_w2,0.875,2,rl_peredge,320,2.8801,9.3928e-04
R0.875_w2,0.875,2,rl_peredge,360,2.9426,9.3928e-04
R0.875_w2,0.875,2,rl_peredge,400,2.8561,8.8246e-04
R0.875_w2,0.875,2,rl_peredge,440,2.9392,8.8246e-04
R0.875_w2,0.875,2,rl_peredge,480,3.2051,8.8246e-04
R0.875_w2,0.875,2,cem,40,,3.5973e-03
R0.875_w2,0.875,2,cem,80,,2.7024e-03
R0.875_w2,0.875,2,cem,120,,1.8537e-03
R0.875_w2,0.875,2,cem,160,,1.8537e-03
R0.875_w2,0.875,2,cem,200,,1.8537e-03
R0.875_w2,0.875,2,cem,240,,1.8537e-03
R0.875_w2,0.875,2,cem,280,,1.8537e-03
R0.875_w2,0.875,2,cem,320,,1.8537e-03
R0.875_w2,0.875,2,cem,360,,1.2571e-03
R0.875_w2,0.875,2,cem,400,,1.2571e-03
R0.875_w2,0.875,2,cem,440,,1.2571e-03
R0.875_w2,0.875,2,cem,480,,1.2571e-03
R0.875_w2,0.875,2,random,40,,2.0401e-03
R0.875_w2,0.875,2,random,80,,1.2500e-03
R0.875_w2,0.875,2,random,120,,1.2500e-03
R0.875_w2,0.875,2,random,160,,1.2500e-03
R0.875_w2,0.875,2,random,200,,1.2500e-03
R0.875_w2,0.875,2,random,240,,1.2500e-03
R0.875_w2,0.875,2,random,280,,1.2500e-03
R0.875_w2,0.875,2,random,320,,1.2500e-03
R0.875_w2,0.875,2,random,360,,1.2500e-03
R0.875_w2,0.875,2,random,400,,1.2500e-03
R0.875_w2,0.875,2,random,440,,1.2500e-03
R0.875_w2,0.875,2,random,480,,1.2500e-03
R0.875_w3,0.875,3,rl,40,2.4644,2.9948e-03
R0.875_w3,0.875,3,rl,80,2.4798,1.6907e-03
R0.875_w3,0.875,3,rl,120,2.4477,1.3198e-03
R0.875_w3,0.875,3,rl,160,3.0329,6.8655e-04
R0.875_w3,0.875,3,rl,200,3.4032,6.8655e-04
R0.875_w3,0.875,3,rl,240,2.5125,6.8655e-04
R0.875_w3,0.875,3,rl,280,2.5676,6.8655e-04
R0.875_w3,0.875,3,rl,320,3.1563,6.8655e-04
R0.875_w3,0.875,3,rl,360,3.1537,5.6818e-04
R0.875_w3,0.875,3,rl,400,3.2836,3.9260e-04
R0.875_w3,0.875,3,rl,440,3.3415,3.9260e-04
R0.875_w3,0.875,3,rl,480,3.6932,3.8865e-04
R0.875_w3,0.875,3,rl_peredge,40,2.6810,1.9413e-03
R0.875_w3,0.875,3,rl_peredge,80,2.5171,1.9413e-03
R0.875_w3,0.875,3,rl_peredge,120,2.6712,1.9413e-03
R0.875_w3,0.875,3,rl_peredge,160,2.6989,1.9413e-03
R0.875_w3,0.875,3,rl_peredge,200,2.9171,1.9413e-03
R0.875_w3,0.875,3,rl_peredge,240,3.2417,1.8959e-03
R0.875_w3,0.875,3,rl_peredge,280,3.0519,1.8959e-03
R0.875_w3,0.875,3,rl_peredge,320,3.0505,1.6118e-03
R0.875_w3,0.875,3,rl_peredge,360,3.1271,7.3785e-04
R0.875_w3,0.875,3,rl_peredge,400,2.8377,7.3785e-04
R0.875_w3,0.875,3,rl_peredge,440,3.1395,7.3785e-04
R0.875_w3,0.875,3,rl_peredge,480,3.0277,7.3785e-04
R0.875_w3,0.875,3,cem,40,,1.8190e-03
R0.875_w3,0.875,3,cem,80,,1.4994e-03
R0.875_w3,0.875,3,cem,120,,1.4994e-03
R0.875_w3,0.875,3,cem,160,,1.4994e-03
R0.875_w3,0.875,3,cem,200,,1.4994e-03
R0.875_w3,0.875,3,cem,240,,1.4994e-03
R0.875_w3,0.875,3,cem,280,,1.4994e-03
R0.875_w3,0.875,3,cem,320,,1.4994e-03
R0.875_w3,0.875,3,cem,360,,9.1738e-04
R0.875_w3,0.875,3,cem,400,,9.1738e-04
R0.875_w3,0.875,3,cem,440,,9.1738e-04
R0.875_w3,0.875,3,cem,480,,9.1738e-04
R0.875_w3,0.875,3,random,40,,2.9474e-03
R0.875_w3,0.875,3,random,80,,2.9474e-03
R0.875_w3,0.875,3,random,120,,2.7423e-03
R0.875_w3,0.875,3,random,160,,8.9173e-04
R0.875_w3,0.875,3,random,200,,8.9173e-04
R0.875_w3,0.875,3,random,240,,8.9173e-04
R0.875_w3,0.875,3,random,280,,8.9173e-04
R0.875_w3,0.875,3,random,320,,8.9173e-04
R0.875_w3,0.875,3,random,360,,8.9173e-04
R0.875_w3,0.875,3,random,400,,8.9173e-04
R0.875_w3,0.875,3,random,440,,8.9173e-04
R0.875_w3,0.875,3,random,480,,7.9111e-04
