group,n_levels,pd_B_GHz,L_km,ROP_dBm,eq,ffe_taps,dfe_taps,snr_dB,evm_pct,ser,ber,ber_msb,ber_lsb,bit_ber_ratio,sigma,acf1,acf2,acf3,sfm,isi_m1,isi_p1,isi_m2,isi_p2,isi_m3,isi_p3,lvl_var_ratio
PAM4,4,40.0,2.0,-12.0,FFE,41,0,17.77952689111809,12.912896065292989,0.0005,0.00025,0.0,0.0005,4.9999999999999994e+26,0.12889631895744896,-0.17123542293875968,0.07091859066195431,-0.06773446289301314,0.9312939006684537,0.047794148737820855,0.048668663903927996,-0.024597610513728413,-0.020798583435226975,-0.01353103432065153,-0.01562050693017152,1.1846430070503757
PAM4,4,40.0,2.0,-10.0,FFE,41,0,20.927588864180905,8.987120334608385,0.0,0.0,0.0,0.0,0.0,0.0897092893260559,-0.15436220848618307,0.06864581126636357,-0.06864340765731274,0.9358552868545208,0.033204376958560204,0.03470266181443799,-0.02276592806930433,-0.017605710704303872,-0.014679156047379063,-0.020070170428018938,1.337272542322422
PAM4,4,40.0,2.0,-8.0,FFE,41,0,23.4172557750636,6.7474117213721305,0.0,0.0,0.0,0.0,0.0,0.06735255429746838,-0.12404007438660276,0.06747155692625813,-0.06638348049099717,0.9404251314965459,0.019342113477551753,0.020701888601432687,-0.020097869820275806,-0.01364027738630973,-0.015226510061598187,-0.024047859098336653,1.60454373940615
PAM4,4,40.0,2.0,-6.0,FFE,41,0,25.08587752860377,5.56808842529779,0.0,0.0,0.0,0.0,0.0,0.055580568295558345,-0.0886908615281391,0.06753478529864326,-0.06181749210234328,0.9422684035259137,0.006953418514668914,0.007268801921799676,-0.016753833144887053,-0.009585598577248193,-0.014952063723048338,-0.02681765650400311,1.9950243658972786
PAM6,6,40.0,2.0,-12.0,FFE,41,0,17.412959719858804,13.469516728954323,0.02975,nan,nan,nan,nan,0.13444864195402573,-0.1562939955534154,0.06370246962094157,-0.05242793276685224,0.9316436538706399,0.04544460236964384,0.055585870792062,-0.0233861177392458,-0.010009026143181544,0.0029041001071780674,-0.025250482001547787,1.147772937209462
PAM6,6,40.0,2.0,-10.0,FFE,41,0,20.555128286814135,9.38088011115789,0.0035,nan,nan,nan,nan,0.09363710789768047,-0.12759417935826278,0.06191109835727171,-0.045168958994187325,0.9367432368091729,0.03261194144280618,0.0460729153706845,-0.020540695481923714,-0.004109956862807119,0.006029996723253619,-0.03074776085716347,1.2743761374924458
PAM6,6,40.0,2.0,-8.0,FFE,41,0,23.01285058716565,7.068991682152441,0.0015,nan,nan,nan,nan,0.07056053686073732,-0.07719148186917496,0.06279535774722837,-0.03648693843144808,0.9427338042178742,0.020870419321179612,0.03690559389789998,-0.01682964843743804,0.0024731739213093174,0.009512521961981225,-0.03532494714113443,1.611574955182009
PAM6,6,40.0,2.0,-6.0,FFE,41,0,24.634890447516046,5.864830669824582,0.00175,nan,nan,nan,nan,0.05854096585018674,-0.0224869859783311,0.06188397827647891,-0.031416434104097474,0.9466084306769603,0.010160138080583227,0.02796550015457669,-0.013259228554610166,0.008777088732414466,0.012139015237311822,-0.038000721097365166,2.2083561234791236
PAM4,4,30.0,2.0,-2.0,DFE6,41,6,13.450702960903168,21.255183171575897,0.023,0.012,0.0075,0.0165,2.2,0.212168893463504,-0.4012359966509558,0.013467325845401598,-0.032100623014284776,0.7856927895432939,0.09652180137346074,0.10829408937734626,-0.17693264659199678,-0.046528587897310465,0.1595109833681992,-0.02470091652200201,2.6643367567976357
PAM4,4,30.0,2.0,-2.0,FFE,41,0,5.511264706803772,53.019638789526766,0.357,0.1845,0.114,0.255,2.236842105263158,0.5292411739293678,-0.8216187133484545,0.570694448288704,-0.2619940946081369,0.0400189776310117,0.4061876448143103,0.40862297183871393,-0.3052882690859374,-0.30159906238555145,0.14647737455857876,0.1546985933784788,1.3364254796557815
PAM4,4,30.0,2.0,2.0,DFE6,41,6,9.449033150825713,33.69367189647385,0.039,0.022875,0.01575,0.03,1.9047619047619047,0.33632968604839353,-0.49195608351519615,-0.0904174910397334,0.29368623150530926,0.42225086438993154,0.06767496029445583,0.1271789964192452,-0.10049602130208748,-0.07405270583399455,0.09947063973985867,-0.014587332328173089,1.2694802431401617
PAM4,4,30.0,2.0,2.0,FFE,41,0,5.46051289881981,53.330340317381165,0.3575,0.18425,0.11425,0.25425,2.2253829321663017,0.5323425915379651,-0.8180967210880158,0.5607708617805074,-0.2505434967108626,0.037707147255518075,0.4035341288166322,0.40469592251408965,-0.30371234325614804,-0.3003391964533607,0.14790093184013678,0.15329210230414533,1.4414918115934252
PAM4,4,30.0,2.0,6.0,DFE6,41,6,9.427760224761252,33.77629341977874,0.039,0.022875,0.01575,0.03,1.9047619047619047,0.33715441275313957,-0.4887485713860297,-0.09329564140365944,0.29181772433205183,0.4215418240581891,0.06617835449737355,0.12737250467925296,-0.09996730129058232,-0.07376014315896846,0.09857755441119968,-0.015032988752613472,1.2813330245016803
PAM4,4,30.0,2.0,6.0,FFE,41,0,5.4413695700677,53.44800772267268,0.35775,0.18425,0.11425,0.25425,2.2253829321663017,0.5335171456679341,-0.81727921808946,0.5558370970178714,-0.24533976585476902,0.03722011924753209,0.40269260106309074,0.4031698608392638,-0.3031085551091272,-0.29988258454592714,0.14876647335015689,0.1526397950763712,1.489466719142594
PAM6,6,30.0,2.0,-2.0,DFE6,41,6,2.094251783238512,78.57554660506999,0.341,nan,nan,nan,nan,0.7843173399931668,-0.5826865605989446,-0.04175101403747016,0.41063512399657726,0.4011746251592622,0.06665755282453671,0.2740107593529425,-0.08854991638569425,-0.19683173445365904,0.07205936185383784,0.024723744248915106,1.420900961591185
PAM6,6,30.0,2.0,-2.0,FFE,41,0,5.335272351109665,54.10487306051605,0.55325,nan,nan,nan,nan,0.5400584781519522,-0.7974395462892206,0.5455560414065653,-0.25492601132237397,0.03959758636735367,0.40220627837650375,0.40797584509040336,-0.30070641829972183,-0.2993076980612289,0.1434937227493896,0.15347492420238787,1.476229024048939
PAM6,6,30.0,2.0,2.0,DFE6,41,6,1.4754348742899226,84.37781137409888,0.35425,nan,nan,nan,nan,0.8422337919454993,-0.5743535407182766,-0.0592386596579473,0.41634846828662897,0.3967839244462337,0.046929726742622475,0.28923677631742967,-0.06735885779642459,-0.22112647889818302,0.048343813549976945,0.03668085556120685,1.3714528553637988
PAM6,6,30.0,2.0,2.0,FFE,41,0,5.311075385638978,54.255807395221126,0.554,nan,nan,nan,nan,0.5415650590288823,-0.7972013200613355,0.5417361768953092,-0.24960475615254268,0.036701493525866755,0.40096455280090365,0.40487719814947,-0.29982056304697097,-0.2989989284081783,0.14496301167040007,0.15312177904927035,1.5684070700326846
PAM6,6,30.0,2.0,6.0,DFE6,41,6,2.226583658216236,77.38750001215743,0.30075,nan,nan,nan,nan,0.7724586182431994,-0.5697180625886639,-0.057586520103838135,0.38252423732320234,0.41980234322499377,0.04601012393579463,0.2597900176217769,-0.07849254914279667,-0.20233085124702208,0.06648929407708942,0.03522208743843535,1.3457625107561728
PAM6,6,30.0,2.0,6.0,FFE,41,0,5.313987728957085,54.237618694078485,0.553,nan,nan,nan,nan,0.5413835049154908,-0.7989470108823358,0.5412187653306909,-0.24821948836907284,0.035990793579089915,0.401175500761147,0.40417858746890944,-0.29988288443763256,-0.2992622259679557,0.1460351706138507,0.15310321197528673,1.6192873492314286
PAM4,4,40.0,10.0,-12.0,FFE,41,0,17.779526891155037,12.912896065238055,0.0005,0.00025,0.0,0.0005,4.9999999999999994e+26,0.12889631895690062,-0.17123542294728886,0.0709185906586804,-0.06773446289387453,0.9312939006687547,0.04779414873602299,0.04866866390059735,-0.024597610513728652,-0.02079858343721172,-0.013531034319812873,-0.015620506931023369,1.1846430070141485
PAM4,4,40.0,10.0,-10.0,FFE,41,0,20.927588864148603,8.9871203346418,0.0,0.0,0.0,0.0,0.0,0.08970928932638945,-0.15436220847414048,0.06864581126708329,-0.06864340766403167,0.9358552868550846,0.0332043769595137,0.0347026618169252,-0.022765928071434235,-0.017605710700888424,-0.014679156051980866,-0.020070170426660518,1.3372725423861942
PAM4,4,40.0,10.0,-8.0,FFE,41,0,23.417255775629457,6.747411720932563,0.0,0.0,0.0,0.0,0.0,0.06735255429308061,-0.12404007452511612,0.06747155686659188,-0.0663834804818732,0.9404251314985824,0.0193421134635783,0.020701888584354445,-0.020097869830847895,-0.013640277388871339,-0.015226510063409622,-0.024047859095211368,1.6045437390281392
PAM4,4,40.0,10.0,-6.0,FFE,41,0,25.08587752845656,5.568088425392161,0.0,0.0,0.0,0.0,0.0,0.055580568296500356,-0.08869086148366907,0.06753478532139413,-0.06181749211111155,0.9422684035237588,0.0069534185251915685,0.007268801916250023,-0.016753833126511995,-0.009585598584758256,-0.014952063716170435,-0.026817656506735055,1.9950243657205897
PAM6,6,40.0,10.0,-12.0,FFE,41,0,17.412959719748297,13.469516729125688,0.02975,nan,nan,nan,nan,0.13444864195573622,-0.15629399552716583,0.06370246963506004,-0.05242793275915855,0.9316436538702868,0.045444602376685295,0.05558587079437134,-0.02338611773478938,-0.010009026143992513,0.002904100107288575,-0.025250482003270427,1.1477729372063183
PAM6,6,40.0,10.0,-10.0,FFE,41,0,20.555128286546026,9.380880111447453,0.0035,nan,nan,nan,nan,0.09363710790057081,-0.12759417929779304,0.06191109838314042,-0.04516895899499479,0.9367432368089513,0.03261194144679496,0.04607291537920144,-0.02054069548277932,-0.004109956861695794,0.006029996720305132,-0.030747760857792763,1.2743761378318168
PAM6,6,40.0,10.0,-8.0,FFE,41,0,23.012850585479413,7.068991683524782,0.0015,nan,nan,nan,nan,0.07056053687443561,-0.07719148158817342,0.0627953578297356,-0.03648693841412747,0.942733804215112,0.020870419366916578,0.03690559387033798,-0.016829648374335777,0.0024731738968907686,0.009512521993719303,-0.0353249471459926,1.6115749537875161
PAM6,6,40.0,10.0,-6.0,FFE,41,0,24.63489044053397,5.864830674538976,0.00175,nan,nan,nan,nan,0.0585409658972444,-0.0224869845380354,0.06188397863419993,-0.031416434465229855,0.9466084306741676,0.010160138199457405,0.027965500200979935,-0.013259228498065616,0.008777088731750319,0.012139015172634044,-0.03800072109686553,2.208356131190875
PAM4,4,30.0,10.0,-2.0,DFE6,41,6,13.450702953508989,21.255183189670152,0.023,0.012,0.0075,0.0165,2.2,0.21216889364412056,-0.4012359952801801,0.013467324894910421,-0.03210062435886297,0.7856927895475553,0.09652180066187005,0.10829408928312012,-0.17693264695581978,-0.04652858760281186,0.15951098305887632,-0.024700916234886416,2.6643367798760376
PAM4,4,30.0,10.0,-2.0,FFE,41,0,5.511264703850639,53.019638807553015,0.357,0.1845,0.114,0.255,2.236842105263158,0.5292411741093054,-0.8216187120892229,0.5706944474400172,-0.2619940953427236,0.04001897763819667,0.4061876446867254,0.4086229715427448,-0.3052882689851362,-0.3015990623582235,0.14647737454036353,0.15469859336604347,1.3364254888451406
PAM4,4,30.0,10.0,2.0,DFE6,41,6,9.44903316372081,33.69367184645212,0.039,0.022875,0.01575,0.03,1.9047619047619047,0.33632968554907744,-0.49195608540218005,-0.09041748948903985,0.29368623286777107,0.4222508644092108,0.06767496084736518,0.1271789964786914,-0.10049602106962809,-0.07405270618614686,0.09947064007418507,-0.014587332508794777,1.2694802449815106
PAM4,4,30.0,10.0,2.0,FFE,41,0,5.460512917571569,53.330340202247584,0.3575,0.18425,0.11425,0.25425,2.2253829321663017,0.5323425903887035,-0.8180967254085263,0.5607708637658557,-0.25054349821472865,0.03770714724068337,0.40353413001506633,0.4046959237180916,-0.3037123437555073,-0.3003391970623279,0.14790093215647232,0.1532921024852626,1.4414917890578045
PAM4,4,30.0,10.0,6.0,DFE6,41,6,9.427760220293823,33.776293437150954,0.039,0.022875,0.01575,0.03,1.9047619047619047,0.3371544129265488,-0.4887485710310888,-0.09329564223142155,0.291817724196667,0.4215418240515471,0.066178354565553,0.12737250471468986,-0.09996730114465797,-0.07376014312500562,0.09857755439490973,-0.015032988824386946,1.2813330278922372
PAM4,4,30.0,10.0,6.0,FFE,41,0,5.441369574047041,53.448007698186075,0.35775,0.18425,0.11425,0.25425,2.2253829321663017,0.5335171454235093,-0.81727921964713,0.5558370969056992,-0.24533976594396473,0.03722011924596888,0.4026926014037042,0.4031698610805844,-0.3031085551195292,-0.299882584742646,0.1487664735052899,0.1526397950499829,1.4894667165263245
PAM6,6,30.0,10.0,-2.0,DFE6,41,6,2.094251783460532,78.57554660306153,0.341,nan,nan,nan,nan,0.7843173399731189,-0.5826865607795916,-0.041751014072508474,0.4106351241254571,0.401174625171148,0.06665755278007889,0.2740107592382208,-0.08854991632078128,-0.1968317344826386,0.07205936197544653,0.0247237442738838,1.4209009627822085
PAM6,6,30.0,10.0,-2.0,FFE,41,0,5.335272348714451,54.104873075435954,0.55325,nan,nan,nan,nan,0.5400584783008783,-0.797439543790243,0.5455560425985261,-0.25492601150456323,0.039597586361579055,0.40220627795483965,0.4079758448792901,-0.30070641853112834,-0.29930769791178535,0.14349372258224471,0.1534749242736601,1.4762290208722477
PAM6,6,30.0,10.0,2.0,DFE6,41,6,1.4754348745041752,84.37781137201755,0.35425,nan,nan,nan,nan,0.8422337919247241,-0.5743535407205128,-0.059238659644453316,0.41634846829240413,0.39678392445155397,0.046929726780968385,0.28923677640621875,-0.06735885777234171,-0.22112647889759696,0.048343813555144624,0.036680855526307864,1.371452853317706
PAM6,6,30.0,10.0,2.0,FFE,41,0,5.3110753790809415,54.25580743618544,0.554,nan,nan,nan,nan,0.5415650594377758,-0.797201319828745,0.5417361755590621,-0.24960475526922765,0.03670149352685386,0.4009645525317424,0.4048771977738572,-0.29982056271403085,-0.29899892823555424,0.1449630116402562,0.1531217789278487,1.5684070774889616
PAM6,6,30.0,10.0,6.0,DFE6,41,6,2.2265836593478956,77.38750000207484,0.30075,nan,nan,nan,nan,0.772458618142558,-0.5697180629468633,-0.05758652001574804,0.3825242377865609,0.4198023432278545,0.04601012415606744,0.2597900176807975,-0.07849254904513035,-0.20233085132559325,0.06648929405889421,0.035222087397788204,1.3457625102752167
PAM6,6,30.0,10.0,6.0,FFE,41,0,5.313987748456991,54.2376185723145,0.553,nan,nan,nan,nan,0.5413835037000797,-0.7989470151720116,0.5412187684871553,-0.24821948900335833,0.035990793570621946,0.40117550175186156,0.40417858863094336,-0.29988288501597826,-0.2992622265713523,0.14603517107097744,0.15310321222792986,1.6192873210524001
